<?xml version="1.0" encoding="UTF-8" standalone="no"?>
<!-- Generated Apr 12, 2023, 10:43:38 AM by Hibernate Tools 5.6.12.Final --><!DOCTYPE hibernate-mapping PUBLIC "-//Hibernate/Hibernate Mapping DTD 3.0//EN" "http://www.hibernate.org/dtd/hibernate-mapping-3.0.dtd">
<hibernate-mapping>
    <class catalog="cuahangbangiay" name="entity1.Chitiethoadon" optimistic-lock="none" table="chitiethoadon">
        <composite-id class="entity1.ChitiethoadonId" name="id">
            <key-property name="idhoaDon" type="java.lang.Integer">
                <column name="IDHoaDon"/>
            </key-property>
            <key-property name="idgiay" type="java.lang.Integer">
                <column name="IDGiay"/>
            </key-property>
            <key-property name="soLuong" type="java.lang.Integer">
                <column name="SoLuong"/>
            </key-property>
        </composite-id>
        <many-to-one class="entity1.Hoadon" fetch="select" insert="false" name="hoadon" update="false">
            <column name="IDHoaDon"/>
        </many-to-one>
        <many-to-one class="entity1.Sanpham" fetch="select" insert="false" name="sanpham" update="false">
            <column name="IDGiay"/>
        </many-to-one>
    </class>
</hibernate-mapping>
