<?xml version="1.0" encoding="UTF-8" standalone="no"?>
<!-- Generated Apr 12, 2023, 10:43:38 AM by Hibernate Tools 5.6.12.Final --><!DOCTYPE hibernate-mapping PUBLIC "-//Hibernate/Hibernate Mapping DTD 3.0//EN" "http://www.hibernate.org/dtd/hibernate-mapping-3.0.dtd">
<hibernate-mapping>
    <class catalog="cuahangbangiay" name="entity1.Chitietphieunhap" optimistic-lock="none" table="chitietphieunhap">
        <composite-id class="entity1.ChitietphieunhapId" name="id">
            <key-property name="idphieuNhap" type="java.lang.Integer">
                <column name="IDPhieuNhap"/>
            </key-property>
            <key-property name="idgiay" type="java.lang.Integer">
                <column name="IDGiay"/>
            </key-property>
            <key-property name="gia" type="big_decimal">
                <column name="Gia" scale="4"/>
            </key-property>
            <key-property name="soluong" type="java.lang.Integer">
                <column name="Soluong"/>
            </key-property>
        </composite-id>
        <many-to-one class="entity1.Phieunhap" fetch="select" insert="false" name="phieunhap" update="false">
            <column name="IDPhieuNhap"/>
        </many-to-one>
        <many-to-one class="entity1.Sanpham" fetch="select" insert="false" name="sanpham" update="false">
            <column name="IDGiay"/>
        </many-to-one>
    </class>
</hibernate-mapping>
