<?xml version="1.0" encoding="UTF-8" standalone="no"?>
<!-- Generated Apr 12, 2023, 10:43:38 AM by Hibernate Tools 5.6.12.Final --><!DOCTYPE hibernate-mapping PUBLIC "-//Hibernate/Hibernate Mapping DTD 3.0//EN" "http://www.hibernate.org/dtd/hibernate-mapping-3.0.dtd">
<hibernate-mapping>
    <class catalog="cuahangbangiay" name="entity1.Hoadon" optimistic-lock="none" table="hoadon">
        <id name="idhoaDon" type="java.lang.Integer">
            <column name="IDHoaDon"/>
            <generator class="identity"/>
        </id>
        <many-to-one class="entity1.Nhacungcap" fetch="select" name="nhacungcap">
            <column name="IDNhaCungCap"/>
        </many-to-one>
        <property name="ngayLap" type="date">
            <column length="10" name="NgayLap"/>
        </property>
        <property name="idkhachHang" type="java.lang.Integer">
            <column name="IDKhachHang"/>
        </property>
        <property name="tongTien" type="big_decimal">
            <column name="TongTien" scale="4"/>
        </property>
        <property name="idnhanVien" type="java.lang.Integer">
            <column name="IDNhanVien"/>
        </property>
        <set fetch="select" inverse="true" lazy="true" name="chitiethoadons" table="chitiethoadon">
            <key>
                <column name="IDHoaDon"/>
            </key>
            <one-to-many class="entity1.Chitiethoadon"/>
        </set>
    </class>
</hibernate-mapping>
