<?xml version="1.0" encoding="UTF-8" standalone="no"?>
<!-- Generated Apr 12, 2023, 10:43:38 AM by Hibernate Tools 5.6.12.Final --><!DOCTYPE hibernate-mapping PUBLIC "-//Hibernate/Hibernate Mapping DTD 3.0//EN" "http://www.hibernate.org/dtd/hibernate-mapping-3.0.dtd">
<hibernate-mapping>
    <class catalog="cuahangbangiay" name="entity1.Khachhang" optimistic-lock="none" table="khachhang">
        <id name="idkhachHang" type="java.lang.Integer">
            <column name="IDKhachHang"/>
            <generator class="identity"/>
        </id>
        <many-to-one class="entity1.The" fetch="select" name="the">
            <column name="IDThe"/>
        </many-to-one>
        <property name="ngayLapThe" type="date">
            <column length="10" name="NgayLapThe"/>
        </property>
        <property name="hoVaTen" type="string">
            <column length="100" name="HoVaTen"/>
        </property>
        <property name="gioiTinh" type="string">
            <column length="100" name="GioiTinh"/>
        </property>
        <property name="ngaySinh" type="date">
            <column length="10" name="NgaySinh"/>
        </property>
        <property name="diaChi" type="string">
            <column length="100" name="DiaChi"/>
        </property>
    </class>
</hibernate-mapping>
