<?xml version="1.0" encoding="UTF-8" standalone="no"?>
<!-- Generated Apr 12, 2023, 10:43:38 AM by Hibernate Tools 5.6.12.Final --><!DOCTYPE hibernate-mapping PUBLIC "-//Hibernate/Hibernate Mapping DTD 3.0//EN" "http://www.hibernate.org/dtd/hibernate-mapping-3.0.dtd">
<hibernate-mapping>
    <class catalog="cuahangbangiay" name="entity1.Manhinh" optimistic-lock="none" table="manhinh">
        <id name="idmanHinh" type="int">
            <column name="IDManHinh"/>
            <generator class="assigned"/>
        </id>
        <property name="tenManHinh" type="string">
            <column length="0" name="TenManHinh"/>
        </property>
        <property name="ghiChu" type="string">
            <column length="0" name="GhiChu"/>
        </property>
        <set fetch="select" inverse="true" lazy="true" name="phanquyens" table="phanquyen">
            <key>
                <column name="IDManHinh"/>
            </key>
            <one-to-many class="entity1.Phanquyen"/>
        </set>
    </class>
</hibernate-mapping>
