<?xml version="1.0" encoding="UTF-8" standalone="no"?>
<!-- Generated Apr 12, 2023, 10:43:38 AM by Hibernate Tools 5.6.12.Final --><!DOCTYPE hibernate-mapping PUBLIC "-//Hibernate/Hibernate Mapping DTD 3.0//EN" "http://www.hibernate.org/dtd/hibernate-mapping-3.0.dtd">
<hibernate-mapping>
    <class catalog="cuahangbangiay" name="entity1.Nhacungcap" optimistic-lock="none" table="nhacungcap">
        <id name="idnhaCungCap" type="int">
            <column name="IDNhaCungCap"/>
            <generator class="assigned"/>
        </id>
        <property name="ten" type="string">
            <column length="0" name="Ten"/>
        </property>
        <property name="sdt" type="java.lang.Integer">
            <column name="SDT"/>
        </property>
        <property name="email" type="string">
            <column length="0" name="Email"/>
        </property>
        <property name="thoiGianHopTac" type="date">
            <column length="10" name="ThoiGianHopTac"/>
        </property>
        <set fetch="select" inverse="true" lazy="true" name="hoadons" table="hoadon">
            <key>
                <column name="IDNhaCungCap"/>
            </key>
            <one-to-many class="entity1.Hoadon"/>
        </set>
    </class>
</hibernate-mapping>
