<?xml version="1.0" encoding="UTF-8" standalone="no"?>
<!-- Generated Apr 12, 2023, 10:43:38 AM by Hibernate Tools 5.6.12.Final --><!DOCTYPE hibernate-mapping PUBLIC "-//Hibernate/Hibernate Mapping DTD 3.0//EN" "http://www.hibernate.org/dtd/hibernate-mapping-3.0.dtd">
<hibernate-mapping>
    <class catalog="cuahangbangiay" name="entity1.Phanloai" optimistic-lock="none" table="phanloai">
        <id name="idphanLoai" type="java.lang.Integer">
            <column name="IDPhanLoai"/>
            <generator class="identity"/>
        </id>
        <property name="loai" type="string">
            <column length="50" name="Loai"/>
        </property>
        <property name="mota" type="string">
            <column length="50" name="Mota"/>
        </property>
        <set fetch="select" inverse="true" lazy="true" name="sanphams" table="sanpham">
            <key>
                <column name="IDPhanLoai"/>
            </key>
            <one-to-many class="entity1.Sanpham"/>
        </set>
    </class>
</hibernate-mapping>
