<?xml version="1.0" encoding="UTF-8" standalone="no"?>
<!-- Generated Apr 12, 2023, 10:43:38 AM by Hibernate Tools 5.6.12.Final --><!DOCTYPE hibernate-mapping PUBLIC "-//Hibernate/Hibernate Mapping DTD 3.0//EN" "http://www.hibernate.org/dtd/hibernate-mapping-3.0.dtd">
<hibernate-mapping>
    <class catalog="cuahangbangiay" name="entity1.The" optimistic-lock="none" table="the">
        <id name="idthe" type="java.lang.Integer">
            <column name="IDThe"/>
            <generator class="identity"/>
        </id>
        <property name="loai" type="string">
            <column length="20" name="Loai"/>
        </property>
        <property name="heSo" type="java.lang.Double">
            <column name="HeSo" precision="22" scale="0"/>
        </property>
        <set fetch="select" inverse="true" lazy="true" name="khachhangs" table="khachhang">
            <key>
                <column name="IDThe"/>
            </key>
            <one-to-many class="entity1.Khachhang"/>
        </set>
    </class>
</hibernate-mapping>
